Iteration,Noise Level,Basis Shape Error (%),Basis Motion Error (%),Rotation Shape Error (%),Rotation Motion Error (%),,Basis,Rotation
0,0,117.7405472,100.1977387,119.8355086,100.2127632,,1,0
1,0.001,136.3623473,101.0185314,131.3894932,100.668783,,0,1
2,0.002,125.1102034,100.4098272,129.3146315,100.5057663,,1,0
3,0.003,118.3628235,99.81377441,115.5966809,99.78272816,,0,1
4,0.004,124.8513606,100.2136056,128.0284934,100.3672314,,1,0
5,0.005,124.2762793,100.4876878,120.2021382,100.2158965,,0,1
6,0.006,121.6334677,100.2666987,122.6547618,100.5342691,,1,0
7,0.007,132.320291,100.4631968,129.725203,100.2757698,,0,1
8,0.008,124.3606602,100.3630467,125.2255961,100.2357005,,0,1
9,0.009,133.6778949,100.5294079,133.2030684,100.5339073,,1,0
10,0.01,115.7794151,99.84604249,118.8023321,99.93446896,,1,0
11,0.011,114.6019723,99.62600033,117.9180867,99.71726621,,1,0
12,0.012,126.5625771,100.202127,125.2804616,100.2590712,,1,0
13,0.013,121.7607769,100.261216,120.3381321,100.1930705,,0,1
14,0.014,118.6891978,99.82207408,123.3943849,100.0066502,,1,0
15,0.015,122.4431898,100.5920455,122.1558757,100.6374722,,1,0
16,0.016,106.287013,99.8524571,117.2764606,100.1952503,,1,0
17,0.017,122.9139637,99.89736015,124.110458,100.1422283,,1,0
18,0.018,134.0750654,100.6686383,130.5334557,100.5633461,,0,1
19,0.019,122.2605138,99.91201172,120.0863884,99.90455174,,0,1
20,0.02,119.0444156,100.0456589,120.2228741,100.2630692,,1,0
21,0.021,100.9530569,99.14296833,101.9186705,99.17230567,,1,0
22,0.022,123.114512,100.1858964,121.2580615,100.2713285,,1,0
23,0.023,118.3069356,99.79927573,116.7647734,100.2567879,,1,0
24,0.024,115.0732059,99.68777743,110.8610607,99.69674281,,1,0
25,0.025,118.4624762,99.98896981,116.4078888,99.71962123,,0,1
26,0.026,115.2565259,99.63659602,117.9876034,99.65931005,,1,0
27,0.027,127.1818222,99.93801454,126.7552934,99.85526096,,0,1
28,0.028,123.6123189,100.2416036,121.9032566,100.279743,,1,0
29,0.029,116.8284471,100.1421206,118.7296194,100.1650377,,1,0
30,0.03,123.6802646,100.2925261,120.9249509,100.0225927,,0,1
31,0.031,123.2937171,99.89304119,115.3799611,99.87177661,,0,1
32,0.032,128.8039644,100.4120157,130.773976,100.3426536,,0,1
33,0.033,122.5551856,100.3667505,128.9295516,100.52742,,1,0
34,0.034,103.6423624,99.34198495,102.414396,99.3220182,,0,1
35,0.035,113.6143209,99.83989309,123.1234248,100.2249467,,1,0
36,0.036,113.8940132,100.1124432,115.2598866,100.1666917,,1,0
37,0.037,123.2327223,100.3621669,126.7064739,100.4650669,,1,0
38,0.038,125.6309177,100.1689819,122.1985514,99.93600334,,0,1
39,0.039,129.8721696,100.4739378,129.0952418,100.4514352,,0,1
40,0.04,116.6609798,99.96593903,113.975239,100.1417034,,1,0
41,0.041,110.3861073,99.35929343,116.0853354,99.43207948,,1,0
42,0.042,106.2382258,99.7634615,108.9919746,99.86258814,,1,0
43,0.043,121.6651405,100.1935195,125.0968757,100.5427331,,1,0
44,0.044,110.8119727,99.39346879,108.0437635,99.17372129,,0,1
45,0.045,127.2511412,100.681735,125.1080411,100.6205509,,0,1
46,0.046,111.0986523,100.277785,113.1057715,100.180834,,0,1
47,0.047,121.8219542,100.1077037,124.7458239,100.1902642,,1,0
48,0.048,113.0580689,99.45064832,116.2528473,99.39544933,,0,1
49,0.049,126.2415631,100.0560776,133.3195403,100.3179378,,1,0
50,0.05,127.0227722,100.450844,127.0299072,100.4130471,,0,1
51,0.051,133.1956616,100.4275442,131.2319546,100.3183623,,0,1
52,0.052,118.7816685,100.1356942,125.2550074,100.1133849,,0,1
53,0.053,119.2551547,99.98515163,122.4916634,100.0853989,,1,0
54,0.054,121.7216964,100.3789647,118.1768217,100.1048595,,0,1
55,0.055,114.4295612,99.76972307,113.9483122,99.67329734,,0,1
56,0.056,104.3959813,99.26266975,105.4442027,99.27180393,,1,0
57,0.057,121.641479,100.0110096,120.7617171,100.0376328,,1,0
58,0.058,130.7823848,100.8150422,129.8745516,100.8218803,,1,0
59,0.059,123.756385,99.97489201,126.3965757,100.3012217,,1,0
60,0.06,119.3666318,100.1458022,122.7546312,100.1007573,,0,1
61,0.061,129.0211343,100.4085253,129.7115069,100.4863013,,1,0
62,0.062,115.8922506,99.61412515,121.0502814,99.6721933,,1,0
63,0.063,125.9409232,100.416389,130.7782441,100.7349596,,1,0
64,0.064,118.8335277,100.3314653,122.3021337,100.2444904,,0,1
65,0.065,115.2031314,99.67111364,118.4232512,99.73105364,,1,0
66,0.066,122.4058028,100.1753111,126.3010391,100.3867687,,1,0
67,0.067,123.0930383,99.98426518,124.113433,100.1429576,,1,0
68,0.068,118.6615965,99.84093255,126.4785216,100.1694326,,1,0
69,0.069,126.2408295,100.2607853,129.2296745,100.3876693,,1,0
70,0.07,123.7173696,100.0339303,128.0613504,100.4136419,,1,0
71,0.071,120.7944532,100.4066213,121.0275658,100.3673139,,0,1
72,0.072,117.1532938,99.74554988,119.3660232,99.87565633,,1,0
73,0.073,123.3908379,100.1526001,118.6237745,99.97529268,,0,1
74,0.074,124.8598785,100.1533359,119.9603028,100.0847535,,0,1
75,0.075,122.0203644,99.81306262,121.1034655,99.71047559,,0,1
76,0.076,121.8924009,100.0876893,121.3755055,100.1169025,,1,0
77,0.077,121.1715818,100.4295528,121.726714,100.415568,,0,1
78,0.078,128.793811,100.6706887,128.9750392,100.5040595,,0,1
79,0.079,117.4967122,99.77748179,123.2903702,99.94709654,,1,0
80,0.08,133.0766915,100.5032659,131.9321026,100.5462947,,1,0
81,0.081,124.0836775,100.0113437,130.0923751,100.2311101,,1,0
82,0.082,111.2388251,99.80007345,112.168928,99.81420409,,1,0
83,0.083,120.8967845,100.1950647,118.5355557,100.1235929,,0,1
84,0.084,124.7465036,99.86999211,125.1564652,99.83072918,,0,1
85,0.085,118.7442773,99.89811515,110.0241926,99.73739738,,0,1
86,0.086,127.7990309,100.3120598,123.9840051,100.2642992,,0,1
87,0.087,127.1087633,100.5827403,120.6696045,100.3429279,,0,1
88,0.088,111.6546777,99.95135683,121.1400272,100.4926578,,1,0
89,0.089,118.9115823,99.93804395,117.1401716,99.88469986,,0,1
90,0.09,118.735424,100.0339154,119.0475438,100.1480442,,1,0
91,0.091,117.4855288,100.0551401,117.3941939,100.1898707,,1,0
92,0.092,112.2579037,99.78897511,112.0614469,99.80322618,,1,0
93,0.093,129.1165886,100.2044735,127.1749346,100.1735288,,0,1
94,0.094,124.3828604,100.2189503,124.5827235,100.337988,,1,0
95,0.095,110.5177705,99.9441316,113.8785842,100.1162073,,1,0
96,0.096,126.3680054,100.1092158,132.4542093,100.2702359,,1,0
97,0.097,112.2690841,99.41475591,118.2045691,99.55494489,,1,0
98,0.098,124.6007169,100.2094115,120.8505185,100.0604834,,0,1
99,0.099,131.8873814,99.98037308,130.5507911,100.0839821,,1,0
100,0.1,125.7867311,100.2466107,125.5566978,100.252579,,1,0
101,0.101,128.1963835,100.4359996,117.7837654,99.77867193,,0,1
102,0.102,126.6928875,100.2532,128.0310014,100.2548521,,1,0
103,0.103,119.3227384,100.0551569,117.6077467,99.90511904,,0,1
104,0.104,119.6092992,99.86553732,121.9473268,100.1063101,,1,0
105,0.105,125.7009518,100.2333945,123.9163255,100.0601554,,0,1
106,0.106,123.9674203,100.2504463,128.2693466,100.2940035,,1,0
107,0.107,120.7411768,99.94705189,128.2822723,100.2738827,,1,0
108,0.108,133.3996333,100.5127261,123.3374585,100.1922908,,0,1
109,0.109,120.124658,99.78473084,126.3466764,100.1256468,,1,0
110,0.11,123.4945623,100.1882181,128.3280235,100.3260752,,1,0
111,0.111,124.1036735,99.93477694,120.8768227,99.85566808,,0,1
112,0.112,118.3072325,99.92640772,115.4082874,99.86449604,,0,1
113,0.113,113.7158188,99.81734454,112.1499817,99.63025121,,0,1
114,0.114,118.4266861,99.69605735,117.3429093,99.55557114,,0,1
115,0.115,113.1446217,99.58283965,108.7454254,99.44530287,,0,1
116,0.116,112.0226023,99.68460288,117.8457399,99.81311136,,1,0
117,0.117,121.9364121,100.5039332,121.2227205,100.4346252,,0,1
118,0.118,108.2802112,99.44192636,109.0799154,99.36385294,,0,1
119,0.119,122.3770327,100.2791621,120.4196128,100.3344213,,1,0
120,0.12,118.415377,100.1678014,118.1545605,100.1253026,,0,1
121,0.121,111.3897261,99.85961715,113.7526839,99.91349503,,1,0
122,0.122,117.4096172,99.84672999,118.6458295,100.0023894,,1,0
123,0.123,130.181764,100.0842037,133.7376145,100.2390336,,1,0
124,0.124,109.0523166,99.51770764,108.8431914,99.47000115,,0,1
125,0.125,123.3402288,100.1898526,125.5572384,100.1673133,,0,1
126,0.126,116.5912083,99.90947653,114.597855,99.84362407,,0,1
127,0.127,120.0685557,100.1261799,120.0017579,100.1488587,,1,0
128,0.128,113.6507378,99.90308709,118.8404607,100.0568516,,1,0
129,0.129,107.9991472,99.54139681,107.4752172,99.55081038,,1,0
130,0.13,126.4569992,100.4204278,125.9602498,100.3690794,,0,1
131,0.131,126.022284,100.2373229,125.4897485,100.3440765,,1,0
132,0.132,122.4762162,100.2889746,120.3042653,100.0989148,,0,1
133,0.133,122.8350749,99.90538971,118.4898758,99.93531621,,1,0
134,0.134,113.6470005,99.82129073,116.7086171,99.75683468,,0,1
135,0.135,118.6385824,100.3327579,121.4030425,100.4489896,,1,0
136,0.136,108.1905572,99.85192363,109.5430887,99.90757916,,1,0
137,0.137,118.315349,99.93292898,114.6879335,99.69974045,,0,1
138,0.138,122.4996535,100.3309484,122.8596881,100.3308142,,0,1
139,0.139,137.497686,100.855349,138.3870248,100.9553886,,1,0
140,0.14,135.0349318,100.9501306,136.8495761,101.059834,,1,0
141,0.141,119.9875915,100.1510648,114.1433522,99.84446973,,0,1
142,0.142,131.2074684,100.7506971,128.9873199,100.7154128,,0,1
143,0.143,117.6164468,99.33126046,119.7389014,99.49810498,,1,0
144,0.144,113.8320112,99.99109665,109.4113743,99.81483873,,0,1
145,0.145,136.2797493,100.7638435,136.3544159,100.6105439,,0,1
146,0.146,124.6145877,100.1619982,130.6169751,100.3458608,,1,0
147,0.147,120.8812907,99.90571296,120.5249162,99.78271512,,0,1
148,0.148,116.1871348,99.90183057,122.5439362,100.0493765,,1,0
149,0.149,110.4675672,99.4340689,103.8725865,99.26082193,,0,1
150,0.15,123.0550732,100.0259381,122.6212026,99.97264213,,0,1
151,0.151,138.070315,100.9980092,133.8099586,100.9145811,,0,1
152,0.152,114.8271236,99.38543699,106.8240084,99.25109599,,0,1
153,0.153,120.795617,99.93046955,121.1094683,99.80791351,,0,1
154,0.154,121.2884149,100.4109682,121.139557,100.5823946,,1,0
155,0.155,116.6450056,99.76098086,115.4132657,99.74178001,,0,1
156,0.156,126.5681234,100.180935,122.3751229,100.0907533,,0,1
157,0.157,122.5115748,99.65111195,118.6582968,99.68817196,,1,0
158,0.158,117.4592662,99.8320043,114.098747,99.67247031,,0,1
159,0.159,121.2539107,99.95002919,126.6825216,100.2063393,,1,0
160,0.16,128.031107,100.3849198,126.8866781,100.3712299,,0,1
161,0.161,129.3291135,100.5495398,127.5143401,100.5819536,,1,0
162,0.162,124.8580102,99.86353749,123.0666085,100.107081,,1,0
163,0.163,119.3279004,100.3392004,126.0393267,100.4773941,,1,0
164,0.164,131.6330715,100.4435553,128.5971507,100.5241081,,1,0
165,0.165,125.1983501,100.0907478,125.3351166,100.0871353,,0,1
166,0.166,119.9108269,100.0590702,112.0156227,99.5082151,,0,1
167,0.167,125.0308392,99.75533093,123.7564486,100.0683248,,1,0
168,0.168,119.0971866,100.1356895,117.2592376,100.0363102,,0,1
169,0.169,115.0592971,99.96363871,112.4299075,99.60309713,,0,1
170,0.17,129.607684,100.3409157,127.7538621,100.2127933,,0,1
171,0.171,129.2727692,100.5388642,122.0394127,100.1626228,,0,1
172,0.172,111.1134694,99.37102173,108.0812589,99.37865197,,1,0
173,0.173,110.3213105,99.61747204,114.8466162,99.70870399,,1,0
174,0.174,115.8375286,99.83371568,113.0360854,99.87551239,,1,0
175,0.175,116.5474129,99.72706024,120.463815,99.67402648,,0,1
176,0.176,114.1823842,100.4298363,114.8487641,100.496251,,1,0
177,0.177,116.9834315,99.97983591,126.2675841,100.0756676,,1,0
178,0.178,108.1722904,99.372145,108.1469653,99.32550012,,0,1
179,0.179,120.3759761,100.0111445,124.4511413,100.221409,,1,0
180,0.18,115.3655607,99.85159939,115.1042491,99.84192843,,0,1
181,0.181,113.2403522,100.2274217,109.7822984,99.73197831,,0,1
182,0.182,129.2504411,100.5191131,127.8772965,100.4206685,,0,1
183,0.183,120.3106516,100.4910423,118.443292,100.3413803,,0,1
184,0.184,124.7610783,100.5912381,130.5753925,100.6637463,,1,0
185,0.185,112.7394808,99.76036683,114.8180798,99.84786841,,1,0
186,0.186,114.9345497,99.46458638,117.4464301,99.64207304,,1,0
187,0.187,129.9497356,100.5248665,130.3780783,100.6301144,,1,0
188,0.188,118.7463956,99.61030841,115.2475376,99.67522762,,1,0
189,0.189,129.5103013,100.8893336,123.3616046,100.6827628,,0,1
190,0.19,118.7586632,100.2281822,126.06429,100.6372538,,1,0
191,0.191,120.4869232,99.80790121,123.8783903,100.1043071,,1,0
192,0.192,126.6235712,100.4073008,130.7934123,100.4104274,,1,0
193,0.193,125.1994465,100.483978,129.7453235,100.5065099,,1,0
194,0.194,127.4160653,100.3090835,127.2876862,100.2591062,,0,1
195,0.195,121.2633354,99.91068418,119.5751382,99.89090749,,0,1
196,0.196,103.0015545,99.22731385,108.0156197,99.25017478,,1,0
197,0.197,128.7855787,99.88420953,124.4654926,99.89739866,,1,0
198,0.198,125.0133369,100.4313657,122.4022197,100.3307195,,0,1
199,0.199,113.0108455,99.85300114,124.8451298,100.0954368,,1,0
200,0.2,127.3548382,100.1655187,119.9480133,100.0177423,,0,1
201,0.201,108.3017908,99.35074659,107.485576,99.38526069,,1,0
202,0.202,123.9264384,100.0783399,129.6793849,100.2623301,,1,0
203,0.203,126.160491,100.483465,117.682803,100.0118745,,0,1
204,0.204,113.0799176,99.83372962,117.2830823,100.0116469,,1,0
205,0.205,109.4813483,99.70300173,111.0295871,99.86042214,,1,0
206,0.206,112.5710965,99.54161802,110.7234402,99.42185902,,0,1
207,0.207,129.2973998,100.9387895,127.6146324,100.8046174,,0,1
208,0.208,120.8428239,99.71342275,118.7177146,99.85046414,,1,0
209,0.209,125.0151423,100.5875031,123.0430868,100.4824501,,0,1
210,0.21,117.1718413,99.96594726,116.7269242,99.87565797,,0,1
211,0.211,114.1086797,99.95736841,114.4686554,99.88976772,,0,1
212,0.212,131.4371101,100.4172729,128.2143717,100.2403475,,0,1
213,0.213,121.1003795,99.78783733,116.6001684,99.5623465,,0,1
214,0.214,118.6389311,99.84741212,107.1222671,99.49444117,,0,1
215,0.215,126.4697698,100.5153221,126.3837927,100.4893513,,0,1
216,0.216,114.5693691,99.6766507,110.225361,99.64979962,,0,1
217,0.217,116.8898897,99.99971483,118.9349623,100.0826878,,1,0
218,0.218,118.5506945,100.2058082,122.4855572,100.1089722,,0,1
219,0.219,119.9463031,100.2585017,119.5679977,100.2562217,,0,1
220,0.22,110.3332788,99.46544039,115.9832619,99.62712684,,1,0
221,0.221,118.0762095,99.69714273,115.3507994,99.65149164,,0,1
222,0.222,126.5704929,100.1599074,118.178364,99.77933922,,0,1
223,0.223,128.7977169,100.4767405,130.2231053,100.5112724,,1,0
224,0.224,109.6396135,99.42109765,107.3409366,99.32637038,,0,1
225,0.225,117.2920185,99.79068127,117.5293054,99.87426202,,1,0
226,0.226,124.1257983,100.2653019,127.2329836,100.7874245,,1,0
227,0.227,116.5547493,100.0373552,117.4311389,99.96120307,,0,1
228,0.228,126.288671,99.80620711,122.8693794,99.5674513,,0,1
229,0.229,123.879196,100.2838099,125.6892067,100.2640604,,0,1
230,0.23,119.2543119,100.0451736,121.0338087,100.0422998,,0,1
231,0.231,114.5257709,99.87690419,116.8446376,99.96442439,,1,0
232,0.232,120.5245601,100.3889348,118.5660202,100.3536038,,0,1
233,0.233,115.6406821,100.0659872,115.9075387,100.0285451,,0,1
234,0.234,113.0450571,99.59690068,110.6028979,99.7297156,,1,0
235,0.235,124.9104191,100.4338609,121.5593514,100.3503318,,0,1
236,0.236,125.4285708,100.3099543,123.4618385,100.1522083,,0,1
237,0.237,123.4534673,100.2562963,129.7955719,100.374156,,1,0
238,0.238,130.926981,100.4137875,127.6479449,100.3555305,,0,1
239,0.239,130.9497365,100.2737533,127.4245414,100.1751032,,0,1
240,0.24,112.7471654,99.64914647,113.1000401,99.51187593,,0,1
241,0.241,129.7099518,100.4496226,129.6890527,100.2790875,,0,1
242,0.242,111.5642447,99.7509098,124.287106,100.2364855,,1,0
243,0.243,124.2398561,100.3008213,124.6361187,100.3855327,,1,0
244,0.244,117.182434,100.0604595,119.4578125,100.0530366,,0,1
245,0.245,123.3572908,99.93545388,121.1985561,100.0080879,,1,0
246,0.246,116.2408506,99.78757017,118.367025,99.94470793,,1,0
247,0.247,106.8698514,99.2532442,113.5770488,99.65524328,,1,0
248,0.248,124.6155129,99.93335778,126.6623914,100.060552,,1,0
249,0.249,125.4480147,100.1510666,130.081753,100.2118424,,1,0
250,0.25,127.7085152,100.5452831,130.9067303,100.5821133,,1,0
251,0.251,120.9337538,100.3366865,121.9435927,100.2608202,,0,1
252,0.252,124.3413315,100.2209417,126.8714664,100.2869099,,1,0
253,0.253,133.1874146,100.4795245,130.8260827,100.4087417,,0,1
254,0.254,109.6980625,99.55518168,121.5563385,99.75902744,,1,0
255,0.255,117.8795499,100.1114246,116.6201423,100.1204704,,1,0
256,0.256,118.7674839,100.1618287,116.9408389,100.0018877,,0,1
257,0.257,121.147502,99.89769729,113.5840781,99.72462171,,0,1
258,0.258,124.7607608,100.2569068,118.1896947,100.1348411,,0,1
259,0.259,111.1744496,99.72879879,109.1668216,99.67418215,,0,1
260,0.26,123.3250669,100.1740046,122.0390876,100.0081731,,0,1
261,0.261,115.3352876,99.93891111,121.0147618,100.1198902,,1,0
262,0.262,114.365344,99.94276111,111.6263769,99.82667163,,0,1
263,0.263,125.3175281,100.3818019,122.3556355,100.4745878,,1,0
264,0.264,123.9053809,100.1585576,121.1724508,100.1156041,,0,1
265,0.265,122.4383057,100.4786308,126.0686071,100.4858944,,1,0
266,0.266,121.2604292,99.92902365,118.2207503,100.2036311,,1,0
267,0.267,124.4652901,100.0681536,119.7818935,100.0883588,,1,0
268,0.268,128.1525902,100.4417641,129.1795991,100.3643621,,0,1
269,0.269,105.5136757,99.15774373,108.3189303,99.4042742,,1,0
270,0.27,118.6295527,100.2595813,119.3893747,100.3115784,,1,0
271,0.271,115.5829492,99.71728518,119.2111704,99.88858334,,1,0
272,0.272,118.0578984,99.54609423,113.5726817,99.41024878,,0,1
273,0.273,132.6127992,100.6837114,132.4309522,100.6691328,,0,1
274,0.274,124.3331017,100.6197905,115.8679248,100.176021,,0,1
275,0.275,126.648651,100.4018752,128.1658881,100.4984361,,1,0
276,0.276,128.3328568,100.2489913,130.8407749,100.3798618,,1,0
277,0.277,128.0561562,100.1210724,130.1862329,100.1674892,,1,0
278,0.278,112.9020455,99.70718763,112.7381395,99.44337108,,0,1
279,0.279,113.6253302,99.9625737,120.7243611,100.2606172,,1,0
280,0.28,127.4429788,100.6176877,126.3940993,100.6159075,,0,1
281,0.281,116.7178651,99.91572612,124.501049,100.1551203,,1,0
282,0.282,123.3919958,99.94210092,115.997023,99.54183341,,0,1
283,0.283,118.7765356,99.66263749,122.8550641,99.71392109,,1,0
284,0.284,116.9535857,99.85220753,122.4833874,100.2291515,,1,0
285,0.285,113.5431819,99.6484753,113.3907113,99.62527024,,0,1
286,0.286,126.399861,99.88865777,124.4910313,99.87558244,,0,1
287,0.287,120.9379753,100.1114866,122.4420689,100.214348,,1,0
288,0.288,125.4427856,100.1214379,121.3944701,99.9918014,,0,1
289,0.289,124.4874327,100.4206957,117.2354288,100.1092704,,0,1
290,0.29,115.4168631,99.83417904,118.2539787,100.0243612,,1,0
291,0.291,112.2721407,99.5314982,113.6551749,99.48877926,,0,1
292,0.292,111.0200561,99.90058048,113.2708604,99.94075802,,1,0
293,0.293,118.8602449,99.67491287,113.1498069,99.47885001,,0,1
294,0.294,120.2510831,99.96416142,123.9713946,100.2065703,,1,0
295,0.295,120.3524242,100.1098023,120.4703396,100.3865852,,1,0
296,0.296,122.2559705,100.3879802,124.9565785,100.6152848,,1,0
297,0.297,115.5262257,99.76004954,118.6606116,99.79620679,,1,0
298,0.298,113.1911834,99.77802439,112.5792444,99.71718787,,0,1
299,0.299,118.058313,99.7103195,117.1136859,99.73106496,,1,0
300,0.3,114.536038,99.77975015,113.3596611,99.72767666,,0,1
301,0.301,123.4750943,100.4414001,120.033218,100.3090414,,0,1
302,0.302,117.7172332,99.94230469,114.0343143,99.74632564,,0,1
303,0.303,122.9409703,99.69481292,124.3265079,99.82343893,,1,0
304,0.304,123.7546025,100.0068423,114.7112405,99.7704852,,0,1
305,0.305,116.07097,99.81759645,116.8802837,99.93981191,,1,0
306,0.306,115.6749868,100.314889,121.1219824,100.6504418,,1,0
307,0.307,131.211644,100.3659934,130.3902135,100.3493931,,0,1
308,0.308,114.3704792,99.72811371,110.286144,99.64664044,,0,1
309,0.309,114.2645537,99.5678261,112.6657993,99.51511526,,0,1
310,0.31,117.8764655,99.88017966,119.1267102,99.86066231,,0,1
311,0.311,131.0380644,100.6137323,130.0623794,100.6404945,,1,0
312,0.312,114.4517769,100.0221442,119.0136192,100.2111156,,1,0
313,0.313,122.8740856,99.8095293,122.1059719,99.79213435,,0,1
314,0.314,120.0612526,99.83943687,119.9004915,100.1372105,,1,0
315,0.315,122.4400071,100.0340459,125.3864628,99.72100252,,0,1
316,0.316,131.8743396,100.8336001,122.7275555,100.3184238,,0,1
317,0.317,120.8678561,100.1075818,124.1266101,100.2067407,,1,0
318,0.318,116.7240825,100.0031445,115.4092827,100.0108882,,1,0
319,0.319,124.3676091,100.3995994,120.1664062,100.2175994,,0,1
320,0.32,115.5610755,99.81013869,121.3468207,99.95419566,,1,0
321,0.321,121.9987542,100.1100221,117.396218,100.0656544,,0,1
322,0.322,121.6313814,99.89873812,123.259392,100.0511118,,1,0
323,0.323,116.6797333,99.65212425,115.0050799,99.52161421,,0,1
324,0.324,120.0941911,100.1293377,114.5218939,99.93471451,,0,1
325,0.325,120.7601606,99.85056016,116.7743697,99.62994591,,0,1
326,0.326,122.8609741,99.84212328,120.6554443,99.86668545,,1,0
327,0.327,127.4599925,100.2850831,134.9255941,100.5155552,,1,0
328,0.328,122.7164824,100.3104294,125.2716464,100.3643693,,1,0
329,0.329,120.0322627,99.94078355,117.7252574,99.66928071,,0,1
330,0.33,135.3988749,100.8235668,133.810335,100.8094305,,0,1
331,0.331,126.9093034,100.4089493,118.8645253,100.1992433,,0,1
332,0.332,119.1412,100.0805388,118.0007096,100.1046161,,1,0
333,0.333,121.4782888,99.98922885,120.0374719,100.1754108,,1,0
334,0.334,131.7047067,100.4789281,126.297156,100.2047482,,0,1
335,0.335,116.9687863,99.79738758,119.7153217,99.90431027,,1,0
336,0.336,121.4062772,100.3028916,116.4373146,100.137133,,0,1
337,0.337,114.6460999,99.36904447,113.9682648,99.35695243,,0,1
338,0.338,111.3749779,99.5302668,111.2679327,99.66454221,,1,0
339,0.339,122.2277459,100.1236854,129.9389284,100.4889179,,1,0
340,0.34,118.0063896,99.60063329,114.9209002,99.58199992,,0,1
341,0.341,114.2444902,100.1806534,123.3341421,100.2607118,,1,0
342,0.342,109.2041703,99.31047465,121.4543705,99.90904595,,1,0
343,0.343,130.0255599,100.619819,126.5629048,100.4809449,,0,1
344,0.344,121.1267158,100.1011523,120.4886775,99.99930185,,0,1
345,0.345,109.1803108,99.68363345,109.4642101,99.6955212,,1,0
346,0.346,117.4418869,99.80668832,112.3602735,99.54498752,,0,1
347,0.347,123.4420132,100.1301856,122.1914785,100.0362622,,0,1
348,0.348,130.181374,100.5716783,129.4841235,100.4710716,,0,1
349,0.349,129.8993234,100.5866694,124.4782121,100.0304921,,0,1
350,0.35,115.126314,99.68366793,118.7026803,99.91582532,,1,0
351,0.351,127.5940875,99.89570644,118.4239278,99.69404533,,0,1
352,0.352,120.1134063,99.80889743,119.717166,99.82858793,,1,0
353,0.353,109.3477906,99.77869526,111.2756429,99.86306606,,1,0
354,0.354,113.6141423,99.39184396,106.7231152,99.28132446,,0,1
355,0.355,110.7869358,99.7251264,118.8105506,100.0173219,,1,0
356,0.356,107.8634867,99.64895339,112.5917524,99.69754564,,1,0
357,0.357,124.7749312,99.95417975,123.2511265,99.79711432,,0,1
358,0.358,124.9243982,100.3090483,125.9438204,100.4287076,,1,0
359,0.359,116.2173341,99.90818874,122.6627123,99.91578307,,1,0
360,0.36,121.037085,99.79480884,117.0644418,99.66504017,,0,1
361,0.361,115.8636912,100.0829657,125.4521449,100.115498,,1,0
362,0.362,128.0131263,100.4032093,123.538781,100.2365827,,0,1
363,0.363,119.7741987,99.90084915,114.8837926,99.70737313,,0,1
364,0.364,116.5420344,99.80973519,114.9697052,99.71550787,,0,1
365,0.365,124.2777575,99.87359839,120.9913377,99.85432961,,0,1
366,0.366,118.4629995,99.92158955,115.88953,99.86075497,,0,1
367,0.367,109.1077133,99.50077307,114.807697,99.70625877,,1,0
368,0.368,123.6078319,100.3668529,120.9432552,100.2847962,,0,1
369,0.369,112.8627567,99.67518568,111.8257489,99.58362735,,0,1
370,0.37,121.7697381,100.1140619,123.6537364,100.1148184,,1,0
371,0.371,118.8399981,99.84570503,119.361395,99.90337482,,1,0
372,0.372,115.3253328,100.0070387,115.4648871,100.0043858,,0,1
373,0.373,125.5262768,100.385718,121.0512332,100.2586839,,0,1
374,0.374,118.4760754,100.1873296,115.2888931,100.0641487,,0,1
375,0.375,122.7874868,100.0078783,116.5860238,99.81639541,,0,1
376,0.376,130.7133889,100.4608305,129.6422427,100.4043995,,0,1
377,0.377,117.8804126,99.86353789,121.895992,100.157955,,1,0
378,0.378,119.0082723,99.92232422,120.8255062,99.99135783,,1,0
379,0.379,115.1550991,99.7347137,122.7948149,99.99129232,,1,0
380,0.38,116.2786777,99.80106175,117.5361588,99.65411744,,0,1
381,0.381,115.469983,100.0367006,118.8395985,100.0768243,,1,0
382,0.382,126.6809163,100.4079551,126.6656229,100.3976532,,0,1
383,0.383,115.4707775,100.0045859,115.9263304,100.0240168,,1,0
384,0.384,122.9032771,100.1212892,119.0645667,99.98433063,,0,1
385,0.385,115.5390987,100.0436475,113.4570423,99.77475532,,0,1
386,0.386,120.0674273,99.87633801,124.3633833,99.98726418,,1,0
387,0.387,109.8722391,99.40423158,111.7822434,99.51477968,,1,0
388,0.388,120.9019049,99.79327021,118.8197058,99.7471976,,0,1
389,0.389,114.9692281,99.94063254,121.7545778,100.0461264,,1,0
390,0.39,116.9494318,100.2357205,120.7493461,100.5334923,,1,0
391,0.391,117.915074,99.61117618,122.7229464,99.71839604,,1,0
392,0.392,128.6862863,100.1958709,123.4761156,100.0399673,,0,1
393,0.393,127.6421379,100.4590171,125.2627558,100.375267,,0,1
394,0.394,122.8952101,100.0421674,120.6381133,99.96267195,,0,1
395,0.395,118.9389399,99.78825059,116.9382734,99.73698333,,0,1
396,0.396,129.8688785,100.5641108,124.761658,100.4521596,,0,1
397,0.397,131.2285848,100.2020861,126.8734809,100.2668988,,1,0
398,0.398,124.3380407,100.083969,119.1218075,100.0899385,,1,0
399,0.399,115.1909937,99.85088911,118.8201141,99.97300387,,1,0
400,0.4,120.3493612,99.94139036,124.221367,100.169562,,1,0
401,0.401,111.8792993,100.2862924,115.0124471,100.3183139,,1,0
402,0.402,127.735533,100.1699326,128.7831261,100.1076394,,0,1
403,0.403,104.1641916,98.77332485,108.097722,98.99910589,,1,0
404,0.404,122.7805798,99.93512868,126.0283858,100.0089834,,1,0
405,0.405,113.8742358,99.831847,114.8733497,99.94095432,,1,0
406,0.406,113.1504358,99.62341611,114.0831928,99.65627691,,1,0
407,0.407,120.2085962,100.0977964,115.2321,99.61008724,,0,1
408,0.408,135.0637927,100.6089842,133.0509618,100.5477015,,0,1
409,0.409,130.7891889,100.3582534,129.635134,100.1737424,,0,1
410,0.41,136.4508082,100.7760832,127.9818376,100.5385667,,0,1
411,0.411,116.3721646,100.0437739,118.3146316,99.93340125,,0,1
412,0.412,117.5729376,99.89668781,119.0411645,99.97716013,,1,0
413,0.413,110.6706899,99.54861335,120.3614982,99.87144272,,1,0
414,0.414,133.1498232,100.2328543,125.744398,100.1894741,,0,1
415,0.415,131.0947102,100.4737191,131.5176148,100.5692698,,1,0
416,0.416,122.6528829,99.79528829,120.8443787,99.75763798,,0,1
417,0.417,125.7772487,100.1906104,124.8079154,100.3009883,,1,0
418,0.418,133.7378542,100.6796352,132.5236838,100.6139133,,0,1
419,0.419,113.7486198,99.79233061,117.8874807,99.91430638,,1,0
420,0.42,120.0170222,100.0902601,123.6743798,100.3447895,,1,0
421,0.421,108.1340817,99.88230362,114.7869905,99.90133176,,1,0
422,0.422,115.2701757,99.88539259,121.140063,100.1887206,,1,0
423,0.423,123.7173121,99.94688515,127.8163508,100.1506035,,1,0
424,0.424,114.7181803,99.92163389,112.9027838,99.84475411,,0,1
425,0.425,128.7040585,100.4908901,124.8807551,100.410664,,0,1
426,0.426,122.2580474,100.2556921,123.677732,100.1497373,,0,1
427,0.427,115.1044074,99.8073375,116.3848145,99.81972181,,1,0
428,0.428,125.3372206,100.2629038,123.1260662,100.3375372,,1,0
429,0.429,131.0589396,100.3019408,129.1486488,100.1358407,,0,1
430,0.43,112.4842868,99.63006821,120.8726628,99.91579626,,1,0
431,0.431,119.4632943,99.90792575,112.9695489,99.92207186,,1,0
432,0.432,104.5237402,99.18560338,103.9194668,98.99928014,,0,1
433,0.433,118.5968393,100.0064432,120.7235727,100.0207949,,1,0
434,0.434,124.3080959,100.3982059,127.4398672,100.4079765,,1,0
435,0.435,123.4644164,100.3385997,119.7838512,100.2557707,,0,1
436,0.436,113.0255093,99.77575165,115.0212292,99.85336759,,1,0
437,0.437,117.2224598,99.70484317,119.5971082,99.85012954,,1,0
438,0.438,118.8066896,100.0009095,118.5378749,100.0268332,,1,0
439,0.439,116.0558045,99.7477294,121.3672655,99.88212145,,1,0
440,0.44,134.8104751,100.6188471,128.1420836,100.3421092,,0,1
441,0.441,115.2754446,99.7557921,125.7580563,99.86700111,,1,0
442,0.442,114.5266897,99.96611065,111.5835862,99.71431407,,0,1
443,0.443,129.5043794,100.6523739,132.9609663,100.7996513,,1,0
444,0.444,128.0702378,100.2575874,124.5369381,100.2390609,,0,1
445,0.445,116.9386995,100.0378986,116.0625354,99.94229461,,0,1
446,0.446,109.1838735,99.38067634,115.1425708,99.87244474,,1,0
447,0.447,123.9376815,100.0499217,128.5983576,100.3054934,,1,0
448,0.448,112.2331118,99.88505796,122.0068704,100.1595382,,1,0
449,0.449,121.6448918,100.4444064,117.0073607,100.0846138,,0,1
450,0.45,108.9815748,99.46111072,111.2259794,99.57200187,,1,0
451,0.451,111.6557402,99.72810134,115.2702272,99.58189728,,0,1
452,0.452,126.2891227,100.7324244,128.1151053,100.7864921,,1,0
453,0.453,120.7263954,100.0880357,116.4299163,100.0288662,,0,1
454,0.454,109.3622598,99.6092419,115.4553944,99.80781461,,1,0
455,0.455,118.4573887,100.1795738,120.1890455,100.0971335,,0,1
456,0.456,119.2670783,100.0824037,124.6577627,100.518286,,1,0
457,0.457,121.1391027,100.0319292,117.9335799,99.71523731,,0,1
458,0.458,107.342732,99.31680316,117.5962176,99.72843573,,1,0
459,0.459,123.0439767,100.0562249,122.1491036,100.0982581,,1,0
460,0.46,109.1215029,99.47148786,106.9427476,99.39850456,,0,1
461,0.461,127.3656421,100.1310397,124.7384371,100.0108807,,0,1
462,0.462,120.2272082,99.84565606,119.913449,99.76445267,,0,1
463,0.463,116.816137,99.94839762,112.892067,99.85498753,,0,1
464,0.464,115.2928121,100.0797609,118.3874312,100.1457291,,1,0
465,0.465,130.9284431,100.8795507,135.5697282,100.9084655,,1,0
466,0.466,113.5885687,100.0163388,121.8836378,100.1965123,,1,0
467,0.467,125.4645898,100.2122649,124.6349747,100.3225633,,1,0
468,0.468,116.8423133,100.0423381,112.5566463,99.89468365,,0,1
469,0.469,129.5825125,100.4375608,126.5518612,100.2437776,,0,1
470,0.47,123.4829063,99.7744668,117.9054863,99.67815568,,0,1
471,0.471,114.5522201,99.84042499,121.3508142,99.9347979,,1,0
472,0.472,122.498282,100.3740926,115.9740014,100.1254574,,0,1
473,0.473,119.6878961,100.2216947,126.7395287,100.4946619,,1,0
474,0.474,120.786315,100.3880989,115.6801567,100.1155924,,0,1
475,0.475,117.6754666,99.78120869,115.9936997,99.65674949,,0,1
476,0.476,125.9209805,100.2184755,122.2086183,100.2003712,,0,1
477,0.477,123.4769731,100.0993145,129.0806702,100.243637,,1,0
478,0.478,119.5359038,99.74776712,117.5606332,99.7476326,,0,1
479,0.479,110.042663,99.91877683,107.1900956,99.75835998,,0,1
480,0.48,132.5234844,100.460411,124.975972,100.2537109,,0,1
481,0.481,124.0635443,100.4275864,119.1842275,99.92831742,,0,1
482,0.482,119.7693097,100.1395309,118.7057989,100.1436068,,1,0
483,0.483,116.3272903,100.0093245,122.8971196,100.1870527,,1,0
484,0.484,120.5904868,99.92663033,117.8649394,99.88436222,,0,1
485,0.485,117.0647313,100.017922,114.7145648,100.1018339,,1,0
486,0.486,120.9742555,100.0754004,113.2439626,99.63331131,,0,1
487,0.487,114.7654852,100.1923946,115.2292796,100.2486074,,1,0
488,0.488,120.4455582,100.0201141,122.1401489,100.0288806,,1,0
489,0.489,122.9995595,99.98074894,121.2143474,99.82408283,,0,1
490,0.49,122.9635058,100.1234903,123.0898147,100.1124768,,0,1
491,0.491,120.5672234,100.0171521,122.1603115,100.1905611,,1,0
492,0.492,122.8380508,100.0390826,120.2738869,100.2185576,,1,0
493,0.493,127.9524083,100.3645355,123.234618,100.2024229,,0,1
494,0.494,115.9807369,99.80853928,118.643145,99.87223022,,1,0
495,0.495,106.988305,99.45574218,120.7582348,99.96304492,,1,0
496,0.496,133.4950077,100.4970114,127.2333514,100.3811455,,0,1
497,0.497,108.79183,99.59895826,109.968691,99.64474605,,1,0
498,0.498,118.7246712,99.94628925,114.8092319,99.85471661,,0,1
499,0.499,116.0153356,99.9601223,120.9885514,100.167637,,1,0
500,0.5,136.876508,100.7540136,130.0630547,100.3036273,,0,1
501,0.501,118.7415884,99.88500024,123.7953621,100.1276185,,1,0
502,0.502,118.7413378,99.94525414,120.6363574,100.1869633,,1,0
503,0.503,110.140882,99.79591564,117.871693,99.99692852,,1,0
504,0.504,116.3084663,100.1207793,120.8589399,100.3142918,,1,0
505,0.505,109.4341546,99.82716863,113.7610746,99.85417969,,1,0
506,0.506,126.9802428,100.4559228,113.9059521,99.79127033,,0,1
507,0.507,114.4574469,99.9307107,116.0992894,100.0760504,,1,0
508,0.508,121.9861109,99.70116003,117.6044908,99.58925521,,0,1
509,0.509,118.8165777,100.1105325,125.1091632,100.4343111,,1,0
510,0.51,118.7972892,100.2488414,120.749431,100.4448998,,1,0
511,0.511,109.977179,99.3989257,109.1678457,99.3577278,,0,1
512,0.512,122.6045515,100.3355998,123.564676,100.7098703,,1,0
513,0.513,116.9155327,99.94507487,115.7703629,99.90678276,,0,1
514,0.514,120.0338895,99.9968663,125.44187,100.3535379,,1,0
515,0.515,129.5490557,100.046665,131.0239243,100.1519179,,1,0
516,0.516,128.6237429,100.2155249,123.961688,100.0656003,,0,1
517,0.517,110.3930183,99.57944532,114.5551652,99.6405949,,1,0
518,0.518,109.2179718,99.40481224,110.0317863,99.49635762,,1,0
519,0.519,122.7797668,100.081158,122.174027,100.2061988,,1,0
520,0.52,121.2441271,100.1246696,126.3898066,100.2378655,,1,0
521,0.521,124.1038747,100.0681039,123.7918459,100.0741063,,1,0
522,0.522,125.5486561,100.3840112,115.8929506,100.1546639,,0,1
523,0.523,123.6654623,100.1417797,123.5476195,100.1924931,,1,0
524,0.524,112.0846376,99.84435402,111.3494217,99.866304,,1,0
525,0.525,128.7609604,100.2676336,134.0057297,100.6066508,,1,0
526,0.526,123.842059,100.4085271,124.080629,100.3752181,,0,1
527,0.527,130.2116397,100.4603799,134.014869,100.6380133,,1,0
528,0.528,118.404477,100.5201426,123.8974778,100.6792621,,1,0
529,0.529,118.0335201,100.008331,121.5118672,100.1777566,,1,0
530,0.53,125.8073384,100.4400531,125.2548553,100.3305387,,0,1
531,0.531,117.5220411,99.84624316,123.7316491,100.118463,,1,0
532,0.532,128.2842363,100.3610441,122.3359107,100.0434581,,0,1
533,0.533,106.4758629,99.37763669,106.3015684,99.37839021,,1,0
534,0.534,125.8246364,100.2437766,121.6550435,100.1149958,,0,1
535,0.535,118.8550556,100.2337666,119.1851903,100.1914208,,0,1
536,0.536,113.5369747,99.68994103,116.5295762,99.71048214,,1,0
537,0.537,120.4317847,99.98327839,114.1847293,99.78931879,,0,1
538,0.538,121.6124622,100.5231577,122.4246354,100.4392437,,0,1
539,0.539,122.4345351,99.83186743,119.3410014,99.64136141,,0,1
540,0.54,131.4581799,100.395475,129.0838716,100.2735045,,0,1
541,0.541,117.1134694,100.156445,108.9625773,99.78217565,,0,1
542,0.542,119.1236222,99.95936993,120.531504,99.87648981,,0,1
543,0.543,113.3055602,99.47673165,111.6977412,99.40256374,,0,1
544,0.544,126.8279586,100.1939178,130.6011697,100.3189202,,1,0
545,0.545,122.5976592,100.3735508,117.0204793,100.2700662,,0,1
546,0.546,115.54495,99.55219115,115.6773659,99.57747076,,1,0
547,0.547,121.3637644,100.2516599,123.0627786,100.3139031,,1,0
548,0.548,128.2909071,100.1239594,123.2643268,99.95542724,,0,1
549,0.549,113.9360498,99.77514749,118.5219568,99.90989995,,1,0
550,0.55,128.3394455,100.4431878,130.4366628,100.4442813,,1,0
551,0.551,120.5753639,100.2031955,121.2520825,100.1854796,,0,1
552,0.552,122.0995251,100.1933378,123.2425419,100.175333,,0,1
553,0.553,120.8101013,100.4938527,116.6196451,100.4059184,,0,1
554,0.554,129.3425978,100.2144074,135.0918404,100.6734538,,1,0
555,0.555,120.5999851,100.2713264,124.3698977,100.5166469,,1,0
556,0.556,125.7787136,100.2323409,127.2136013,100.3559506,,1,0
557,0.557,122.5564203,99.98848906,126.6979167,100.1091008,,1,0
558,0.558,109.4750438,99.31996609,117.550386,99.54340845,,1,0
559,0.559,113.1171579,99.66856306,111.0671066,99.63005031,,0,1
560,0.56,120.7025504,99.9559977,123.2700935,99.93296006,,0,1
561,0.561,116.5546563,99.93995924,115.0803952,99.8542425,,0,1
562,0.562,111.4295934,99.71443533,118.5543547,100.0474036,,1,0
563,0.563,119.2939319,99.84189378,115.9590883,99.60985878,,0,1
564,0.564,119.3474684,100.0334646,118.4024487,99.94506968,,0,1
565,0.565,125.3545809,99.99597076,127.9874209,100.1400701,,1,0
566,0.566,114.4382505,99.83723302,118.0307645,99.81398943,,0,1
567,0.567,118.6543959,99.61969493,121.393138,99.91608987,,1,0
568,0.568,122.1690482,100.2279054,125.8153989,100.3227904,,1,0
569,0.569,120.3422629,99.92355065,117.6022554,99.79237006,,0,1
570,0.57,116.9463003,100.0391522,114.6428498,99.9503556,,0,1
571,0.571,129.1755901,100.4823713,126.8535009,100.4113397,,0,1
572,0.572,123.6618208,100.3455824,120.9487456,100.2669279,,0,1
573,0.573,121.3894922,100.0224679,128.2287218,100.2914756,,1,0
574,0.574,126.7003081,100.2053938,126.823777,100.285874,,1,0
575,0.575,121.7651203,100.043542,126.6080131,100.4125899,,1,0
576,0.576,121.4578157,100.5550592,122.8607001,100.4659584,,0,1
577,0.577,109.667558,99.79061111,110.4052003,99.76744604,,0,1
578,0.578,113.1073809,99.73255325,113.1359604,99.8059556,,1,0
579,0.579,113.5350218,99.8035386,112.4612207,99.76800892,,0,1
580,0.58,138.4144111,100.7275217,130.4771707,100.6174039,,0,1
581,0.581,118.7498882,99.76628809,121.2597787,99.91430369,,1,0
582,0.582,122.1970913,100.3870649,124.9801415,100.4527207,,1,0
583,0.583,121.4156736,100.1077818,125.3944469,100.1938889,,1,0
584,0.584,115.552123,99.72202594,120.1672992,99.9045365,,1,0
585,0.585,121.2274827,99.68011568,121.7553204,99.7915398,,1,0
586,0.586,117.3877718,100.0417259,120.4087935,100.123949,,1,0
587,0.587,121.3864673,99.71754132,114.3791121,99.66475515,,0,1
588,0.588,127.2870898,100.12049,129.3150687,100.2437493,,1,0
589,0.589,119.9028308,100.1405266,110.9973549,99.93114856,,0,1
590,0.59,118.96878,99.82777395,125.2151033,100.1733913,,1,0
591,0.591,122.7096252,100.0381909,123.284085,100.1571988,,1,0
592,0.592,111.8761543,99.3982986,112.4213658,99.47599983,,1,0
593,0.593,123.7614844,99.89554429,122.9584904,99.80979816,,0,1
594,0.594,123.9981966,100.1156153,122.6604848,100.023549,,0,1
595,0.595,128.5478174,100.2618481,129.0981063,100.4678435,,1,0
596,0.596,126.4108004,99.95471175,122.0375797,99.52163221,,0,1
597,0.597,124.9013564,100.1489686,126.1632168,100.180735,,1,0
598,0.598,120.2635764,99.7450988,120.6178994,99.60791578,,0,1
599,0.599,116.7148259,99.84746101,118.9113435,99.86796906,,1,0
600,0.6,118.2560038,100.1581551,121.2530896,100.3018913,,1,0
601,0.601,119.1709165,100.0596702,118.616853,99.76296358,,0,1
602,0.602,111.0206364,99.43899169,110.2203496,99.44882247,,1,0
603,0.603,124.5770006,100.2939814,123.8234881,100.4245624,,1,0
604,0.604,113.2128399,99.64940508,117.3419974,99.65990874,,1,0
605,0.605,121.2745495,100.1868981,123.1765878,100.1256603,,0,1
606,0.606,125.0979685,100.31049,126.1827339,100.3461227,,1,0
607,0.607,126.8306229,100.2856407,120.1948473,100.1675315,,0,1
608,0.608,122.6463571,100.3017168,118.9919181,100.2428613,,0,1
609,0.609,125.3643063,100.3171516,128.6031957,100.3823437,,1,0
610,0.61,129.6578242,100.2892749,133.479942,100.3018096,,1,0
611,0.611,118.1960178,99.9325281,120.1125814,99.99925077,,1,0
612,0.612,123.9925149,100.2629391,125.3696753,100.5716437,,1,0
613,0.613,118.1144829,99.57826684,113.7416473,99.5644175,,0,1
614,0.614,117.739667,99.85515096,111.4348591,99.6055313,,0,1
615,0.615,114.4168113,99.68608577,119.4313961,99.99350495,,1,0
616,0.616,116.5417858,99.94140956,120.8504936,100.0719164,,1,0
617,0.617,123.6167452,100.3393556,126.3756358,100.5120231,,1,0
618,0.618,129.6882329,100.311135,117.659274,99.82814434,,0,1
619,0.619,128.4412657,100.3431629,125.3438946,100.2009563,,0,1
620,0.62,107.6896168,99.56395602,110.9525772,99.60052253,,1,0
621,0.621,115.7447619,99.33770899,110.5038751,99.28944099,,0,1
622,0.622,114.0417084,99.55534922,104.2138863,99.31414909,,0,1
623,0.623,113.8794377,100.1406396,117.1381871,100.2556954,,1,0
624,0.624,119.4443053,100.1168953,121.1696139,100.1339482,,1,0
625,0.625,111.2433368,99.8869009,118.0895302,99.95521415,,1,0
626,0.626,118.5722521,99.90282963,119.6645181,99.87265467,,0,1
627,0.627,126.2584065,100.3482291,128.3391568,100.3256451,,0,1
628,0.628,121.9331222,99.92584974,117.5613274,99.73710973,,0,1
629,0.629,130.9845055,100.0360061,125.5311835,99.95512136,,0,1
630,0.63,122.6452075,100.1743448,122.405125,100.3609814,,1,0
631,0.631,119.4531065,99.97933274,112.2923871,99.79505577,,0,1
632,0.632,114.131442,99.86820532,120.1574697,99.97212362,,1,0
633,0.633,122.5947839,99.99708859,126.6684862,100.136652,,1,0
634,0.634,130.7841271,100.3893613,130.6999094,100.3653075,,0,1
635,0.635,133.3320992,100.7564355,135.9078461,100.757855,,1,0
636,0.636,122.2473315,100.241006,122.8283616,100.1855101,,0,1
637,0.637,113.3864198,99.94735303,114.9099563,100.0377046,,1,0
638,0.638,131.3056127,100.3686001,129.1527528,100.2793709,,0,1
639,0.639,128.6804675,100.4828712,126.3600312,100.1652424,,0,1
640,0.64,124.237251,99.95634945,131.7836851,100.3153513,,1,0
641,0.641,112.7512422,100.0332185,119.7194731,100.3779677,,1,0
642,0.642,120.3168621,99.86302178,115.2121806,99.78515192,,0,1
643,0.643,105.2690483,99.46332497,108.8655157,99.77944226,,1,0
644,0.644,123.9033043,99.81756212,122.1068633,99.85508607,,1,0
645,0.645,116.5088484,99.55679084,119.2383477,99.83511844,,1,0
646,0.646,124.9414559,100.0340707,128.2001828,100.326299,,1,0
647,0.647,111.6359455,99.56454014,102.9678489,99.32967261,,0,1
648,0.648,123.7005081,100.2421748,122.0812893,100.2131087,,0,1
649,0.649,126.0026982,100.4344735,138.2573276,100.7236173,,1,0
650,0.65,127.6469258,100.2810816,127.7662324,100.2329424,,0,1
651,0.651,125.4522931,100.322459,124.2454182,100.2421415,,0,1
652,0.652,126.6871146,99.80826199,121.8480768,99.78141004,,0,1
653,0.653,118.9827586,99.84336584,123.10871,99.97888269,,1,0
654,0.654,113.0205853,99.71976216,111.1210777,99.64434847,,0,1
655,0.655,122.1998204,99.6073668,115.6955738,99.38357652,,0,1
656,0.656,120.7194454,99.81491144,118.5936088,99.65425135,,0,1
657,0.657,113.9503784,99.52292909,110.5818997,99.50219651,,0,1
658,0.658,129.3821943,100.5530879,126.4456699,100.2275909,,0,1
659,0.659,112.5040265,99.41650255,117.1545455,99.61088249,,1,0
660,0.66,127.2695119,100.2210919,124.4190435,99.99206876,,0,1
661,0.661,108.9334021,99.52401491,105.2885066,99.36900134,,0,1
662,0.662,118.0973654,99.87054975,119.7317857,100.1747818,,1,0
663,0.663,112.6223944,99.38537904,119.5614162,99.69478997,,1,0
664,0.664,114.7803883,99.9018702,110.2834361,99.71877429,,0,1
665,0.665,119.0898226,99.96602845,128.5944425,100.2464106,,1,0
666,0.666,120.8727599,99.76726229,128.632831,100.1798873,,1,0
667,0.667,132.7063862,100.59879,128.2296886,100.4119009,,0,1
668,0.668,124.1813586,100.1772993,123.1482455,100.1102787,,0,1
669,0.669,118.4043324,100.1667145,117.0895456,99.9800833,,0,1
670,0.67,115.9421258,99.62991321,107.1976398,99.42594303,,0,1
671,0.671,119.2581305,99.76087647,120.4792678,99.8038572,,1,0
672,0.672,125.2306014,100.0252524,126.8325856,100.2266063,,1,0
673,0.673,120.7719776,100.1296906,118.8381695,99.88880061,,0,1
674,0.674,123.8046354,99.64712491,117.6732236,99.38962992,,0,1
675,0.675,118.0346492,100.187472,116.9357486,100.0996098,,0,1
676,0.676,115.5311237,100.1801292,110.714684,99.99027448,,0,1
677,0.677,113.8802902,99.46862737,114.5249867,99.43871575,,0,1
678,0.678,123.1215914,100.2116636,122.6344096,100.4573393,,1,0
679,0.679,114.5183762,99.94900846,116.0223239,100.0864632,,1,0
680,0.68,106.9202999,99.30994383,98.81202312,99.24106644,,0,1
681,0.681,120.7130219,100.1560406,121.2316918,100.1874922,,1,0
682,0.682,122.1965945,100.2947434,120.5486657,100.3031129,,1,0
683,0.683,122.7991627,100.0809769,123.4064513,100.1316999,,1,0
684,0.684,117.5056614,99.60662929,112.1663406,99.41559903,,0,1
685,0.685,122.148065,99.86359942,116.8505641,99.69134472,,0,1
686,0.686,113.495681,99.17833904,108.5603949,98.93911563,,0,1
687,0.687,123.8619743,100.2228911,119.3439033,99.77469886,,0,1
688,0.688,124.8051771,100.2384934,116.0054815,99.96181041,,0,1
689,0.689,114.5875653,99.89018868,117.5595657,99.9079729,,1,0
690,0.69,124.603234,99.96220192,124.0600964,100.0898273,,1,0
691,0.691,108.3323136,99.16406572,109.0880781,99.30865723,,1,0
692,0.692,128.8098162,100.5295914,125.7699483,100.3335215,,0,1
693,0.693,124.5758283,100.3461275,124.474848,100.4515431,,1,0
694,0.694,117.7355319,99.9190247,123.7672247,100.0200794,,1,0
695,0.695,126.4440724,100.3579041,122.4076286,100.1624905,,0,1
696,0.696,120.8201567,100.0026387,122.5051497,100.0994743,,1,0
697,0.697,129.0823595,100.1074962,124.8765743,99.99482529,,0,1
698,0.698,115.9815529,99.46696185,123.1481794,99.69468306,,1,0
699,0.699,119.1013567,100.001171,120.0327137,100.0828606,,1,0
700,0.7,125.0719276,99.7499664,115.4062931,99.51768104,,0,1
701,0.701,120.9052331,100.1421427,114.1068346,99.66736046,,0,1
702,0.702,109.4127136,99.648337,118.0750568,99.85155632,,1,0
703,0.703,117.2224064,99.90547376,112.2399319,99.74873756,,0,1
704,0.704,98.89018947,99.42140471,99.72341692,99.45734795,,1,0
705,0.705,125.0876521,99.91911959,124.8578934,100.0707589,,1,0
706,0.706,112.8484109,99.66877265,114.7838213,99.71660914,,1,0
707,0.707,121.5529914,100.3778389,119.3693406,100.2635176,,0,1
708,0.708,117.8948077,100.2046373,116.5972178,100.2356821,,1,0
709,0.709,114.0244922,100.1648776,115.4078749,100.3115032,,1,0
710,0.71,123.310314,100.2339794,119.5941155,99.98085506,,0,1
711,0.711,121.055874,100.1111008,125.4276806,100.3733397,,1,0
712,0.712,125.5250832,100.3094926,130.3307981,100.417883,,1,0
713,0.713,119.3162569,100.4109863,126.270758,100.5648209,,1,0
714,0.714,110.5524034,99.82350056,111.9444097,99.90666829,,1,0
715,0.715,114.1507884,99.70413698,101.0652533,99.33169187,,0,1
716,0.716,116.9815286,99.65414338,116.9182543,99.66535568,,1,0
717,0.717,117.9607916,99.5741028,106.6714436,99.39501354,,0,1
718,0.718,127.6884916,100.1871133,128.5386568,100.2038247,,1,0
719,0.719,123.8012808,100.1205224,124.494449,100.0966373,,0,1
720,0.72,123.4087326,99.88451187,119.7329385,99.82015926,,0,1
721,0.721,119.7434466,100.0976475,121.7398434,99.94555814,,0,1
722,0.722,125.6500686,100.3149206,119.2128893,99.86369934,,0,1
723,0.723,109.9924084,99.67853945,116.218747,99.60899589,,0,1
724,0.724,113.6480157,99.63961342,116.6291914,99.64673011,,1,0
725,0.725,114.292317,100.0690173,113.7123099,100.0903548,,1,0
726,0.726,113.7192744,99.59966802,110.5408556,99.47104061,,0,1
727,0.727,105.0571139,99.32572071,108.0977831,99.45764329,,1,0
728,0.728,125.3210275,100.3027616,122.7059345,100.1972256,,0,1
729,0.729,136.7622302,100.5781661,138.3199825,100.728762,,1,0
730,0.73,119.0009767,100.302966,121.5583725,100.3229694,,1,0
731,0.731,122.9631493,100.019236,116.7099103,99.76424481,,0,1
732,0.732,126.6511106,100.5273306,123.9056476,100.4718565,,0,1
733,0.733,112.9180496,99.44253041,114.7454601,99.47814922,,1,0
734,0.734,123.2960569,99.94216754,121.8536031,99.90860356,,0,1
735,0.735,115.1952506,99.73424033,116.8877254,99.83219209,,1,0
736,0.736,124.5384063,100.6023697,122.6100738,100.2728228,,0,1
737,0.737,107.9489311,99.62352354,102.5622435,99.40728181,,0,1
738,0.738,122.2961356,100.2622019,120.0720831,100.0004627,,0,1
739,0.739,114.3239677,99.55122516,112.5346169,99.66557319,,1,0
740,0.74,124.2693155,100.5186658,126.613075,100.6874481,,1,0
741,0.741,117.8768103,100.0823124,118.7689434,100.1125319,,1,0
742,0.742,117.8268441,99.74670456,122.1176102,99.85967342,,1,0
743,0.743,110.8798863,99.69308547,110.4384835,99.6802768,,0,1
744,0.744,120.8818195,99.97174791,118.29971,99.77161008,,0,1
745,0.745,115.8869767,99.46204631,111.4943456,99.58250851,,1,0
746,0.746,110.0873577,99.69983756,110.4722676,99.72127044,,1,0
747,0.747,121.7851463,100.2041666,117.7717991,100.1115988,,0,1
748,0.748,114.9630384,100.0385983,117.9113654,100.2418913,,1,0
749,0.749,118.5483405,99.6819808,121.0099608,99.81705162,,1,0
750,0.75,118.5508794,99.90762792,120.0531475,100.0434365,,1,0
751,0.751,124.783241,100.3142987,123.6882186,100.3642523,,1,0
752,0.752,118.018283,100.1390691,113.5191787,99.92316293,,0,1
753,0.753,120.8969926,99.85430478,121.7438464,99.89464137,,1,0
754,0.754,117.2307324,99.66876383,120.3288678,99.73590205,,1,0
755,0.755,116.4366279,99.69749987,115.8257686,99.59921776,,0,1
756,0.756,114.1950222,99.88385895,116.7626201,100.0021187,,1,0
757,0.757,122.0834838,99.77155024,119.9730769,99.66486136,,0,1
758,0.758,122.2499365,99.84835203,119.7820903,99.80279719,,0,1
759,0.759,119.5533826,99.89022583,118.4824307,99.83089124,,0,1
760,0.76,115.3910721,100.007444,115.8333401,100.1000103,,1,0
761,0.761,123.3681244,99.69793442,119.5940226,99.58189811,,0,1
762,0.762,126.8249104,100.1579925,119.6608654,99.82253464,,0,1
763,0.763,123.1260148,100.3759503,128.7874478,100.7044676,,1,0
764,0.764,128.8662212,100.1755606,125.9109701,100.0192176,,0,1
765,0.765,123.5366345,100.1629662,122.0931941,99.99672795,,0,1
766,0.766,118.5108009,99.90582629,117.5983444,99.74406776,,0,1
767,0.767,123.1590098,100.387974,121.9874701,100.3300134,,0,1
768,0.768,118.8902267,99.72614974,119.467395,99.7597491,,1,0
769,0.769,115.0114489,99.848083,125.333767,100.1142608,,1,0
770,0.77,124.1676318,100.038438,119.2314131,100.0322369,,0,1
771,0.771,113.0912032,100.0988333,112.5382896,99.92075167,,0,1
772,0.772,122.9224855,99.86535055,120.7238934,99.89875922,,1,0
773,0.773,121.2527484,100.2289176,122.9668804,100.3542693,,1,0
774,0.774,113.4216232,99.9516538,111.2732187,99.9029055,,0,1
775,0.775,107.0128204,99.51042653,109.1006981,99.4638876,,0,1
776,0.776,127.08722,100.1451447,121.7793806,100.090432,,0,1
777,0.777,125.0937033,100.5553986,127.0775855,100.6022191,,1,0
778,0.778,121.9803048,99.73719068,127.2710358,99.85983868,,1,0
779,0.779,126.996814,100.2909249,122.0017769,100.2306985,,0,1
780,0.78,107.8599563,99.72838672,115.4165052,100.0655156,,1,0
781,0.781,112.1900804,99.64255313,112.3030742,99.72595566,,1,0
782,0.782,122.4564428,99.72497891,121.3534936,99.57349399,,0,1
783,0.783,118.4038008,100.1403907,119.2376581,100.1875799,,1,0
784,0.784,115.0636668,99.79091821,119.3681133,100.0507004,,1,0
785,0.785,122.9146336,100.0810773,121.9484954,100.1632956,,1,0
786,0.786,119.3234415,100.0611123,117.4946338,99.95304277,,0,1
787,0.787,121.6194161,100.1515286,127.3951081,100.162997,,1,0
788,0.788,121.6531481,100.5555704,120.0556605,100.4501609,,0,1
789,0.789,125.028912,100.2375051,123.747422,100.1506895,,0,1
790,0.79,131.8722782,100.4033517,126.2708335,100.2403707,,0,1
791,0.791,125.9609708,100.2469702,127.3817339,100.3819311,,1,0
792,0.792,117.5480994,99.89394086,114.4784835,99.80564602,,0,1
793,0.793,123.1537788,100.5169876,120.3249341,100.2813378,,0,1
794,0.794,115.284722,99.67498867,120.5422532,99.79221204,,1,0
795,0.795,116.344461,99.83891079,117.6999498,99.92310119,,1,0
796,0.796,126.0171919,100.100235,123.3753864,99.97734629,,0,1
797,0.797,118.0362738,99.93471119,119.8731007,100.0724909,,1,0
798,0.798,125.6925979,100.3036482,121.6054271,100.1408321,,0,1
799,0.799,123.2724047,100.3014813,121.38676,100.1542383,,0,1
800,0.8,117.1830967,100.0535181,116.0395007,100.1509185,,1,0
801,0.801,117.8469464,100.2291924,117.9176489,100.1898446,,0,1
802,0.802,118.9588105,100.0737669,126.0073729,100.2200511,,1,0
803,0.803,122.912825,100.3498875,126.400772,100.3811747,,1,0
804,0.804,120.9538674,100.1208211,120.3306743,100.013784,,0,1
805,0.805,127.3622581,100.0117907,122.9966014,99.83640521,,0,1
806,0.806,111.1692022,99.68916454,108.8784414,99.43108031,,0,1
807,0.807,121.1764232,100.2897817,124.5318829,100.6043459,,1,0
808,0.808,112.166052,99.91177897,110.9504808,99.8719344,,0,1
809,0.809,115.7381527,99.85897661,109.5077738,99.58491369,,0,1
810,0.81,119.2671711,100.1137725,119.6385928,99.98189895,,0,1
811,0.811,128.0544548,100.1008659,127.4454583,100.1748858,,1,0
812,0.812,132.8283597,100.5138151,131.1404602,100.3665829,,0,1
813,0.813,121.6309633,100.3619743,127.1744466,100.4728137,,1,0
814,0.814,132.3635871,100.7629968,132.1132389,100.8094977,,1,0
815,0.815,116.0571053,99.7989795,116.6705156,99.91797288,,1,0
816,0.816,117.0585482,99.96433607,125.6820378,100.260912,,1,0
817,0.817,113.1747448,99.50870244,116.7172933,99.70908573,,1,0
818,0.818,111.8722017,99.8837627,120.4664761,100.1091792,,1,0
819,0.819,121.4558257,100.0690527,114.0790186,99.87115817,,0,1
820,0.82,111.8127185,99.87257001,108.5584422,99.74380887,,0,1
821,0.821,125.4803618,100.6975117,125.4917818,100.7046239,,1,0
822,0.822,112.0693947,99.55400198,115.1010566,99.81684378,,1,0
823,0.823,125.933847,100.3424903,126.6077207,100.3408428,,0,1
824,0.824,124.4205706,100.2313971,126.7752361,100.2530506,,1,0
825,0.825,117.9577541,100.2031981,122.9058879,100.356785,,1,0
826,0.826,121.5128603,100.1893199,109.6599417,99.56753101,,0,1
827,0.827,123.9562115,100.3888413,123.8723721,100.3841762,,0,1
828,0.828,114.9991807,100.0637978,106.738649,99.89117461,,0,1
829,0.829,112.3544405,99.43260892,113.2269438,99.39677612,,0,1
830,0.83,127.2419434,100.3802928,135.0563532,100.5907591,,1,0
831,0.831,121.9326149,100.0697277,129.3857463,100.3613977,,1,0
832,0.832,128.2534763,100.3674002,124.1981398,100.1630564,,0,1
833,0.833,131.1809655,100.5338749,124.1314745,100.4305237,,0,1
834,0.834,126.6753303,100.0015519,126.576487,99.9467013,,0,1
835,0.835,124.2805651,99.94031497,121.1045132,99.78693942,,0,1
836,0.836,127.7465134,100.4028715,125.919236,100.2080611,,0,1
837,0.837,126.2369752,100.4607782,125.6524243,100.4802358,,1,0
838,0.838,114.2514466,100.0895853,118.3958126,100.2728341,,1,0
839,0.839,120.5810998,99.67736628,121.1840322,99.77622418,,1,0
840,0.84,130.2708629,100.2385574,130.4951682,100.2986426,,1,0
841,0.841,121.2496916,99.75093194,121.3292517,99.80114361,,1,0
842,0.842,117.2848628,99.85851055,120.4673069,99.81267922,,0,1
843,0.843,116.4073812,99.9746135,120.0357239,100.017089,,1,0
844,0.844,124.1258311,100.1133224,121.0799938,100.040079,,0,1
845,0.845,127.9446619,100.0865815,132.7311417,100.3255441,,1,0
846,0.846,129.1206032,100.2907279,121.8440725,99.92939743,,0,1
847,0.847,118.7154978,100.2480094,110.1283997,99.95433794,,0,1
848,0.848,124.4615227,100.2308188,131.0083248,100.6346741,,1,0
849,0.849,118.3082194,100.2031161,121.0903128,100.1765575,,0,1
850,0.85,123.7720852,100.2445509,124.1835782,100.2578995,,1,0
851,0.851,114.7444575,99.88016053,118.5025365,99.88802795,,1,0
852,0.852,120.6078274,99.60256101,117.845262,99.67497884,,1,0
853,0.853,130.0243673,100.3807597,132.6097697,100.3669232,,0,1
854,0.854,126.3203869,100.1480525,125.227089,100.2658354,,1,0
855,0.855,109.5234601,99.73197595,111.8359632,99.72376934,,0,1
856,0.856,107.848462,99.44182863,105.8347803,99.4012656,,0,1
857,0.857,120.0215691,100.5596236,124.2160399,100.6346191,,1,0
858,0.858,111.7821592,99.90915649,112.8014195,99.91299073,,1,0
859,0.859,112.2109196,99.84286023,113.9332685,99.97779148,,1,0
860,0.86,117.3633173,99.83630109,118.9701016,99.91445643,,1,0
861,0.861,122.8326462,100.0924913,118.8915673,100.0037595,,0,1
862,0.862,132.5436119,100.5141468,133.9313092,100.6620514,,1,0
863,0.863,104.8531778,99.57322624,110.0711269,99.74433717,,1,0
864,0.864,124.7953436,100.2662851,128.014609,100.4345643,,1,0
865,0.865,116.7899968,99.63409344,117.3712969,99.53988147,,0,1
866,0.866,124.6756788,100.0697715,131.4694284,100.249019,,1,0
867,0.867,119.6467724,99.68072875,117.5491922,99.7860796,,1,0
868,0.868,137.6918675,100.6272857,130.8924101,100.3777048,,0,1
869,0.869,122.1594023,100.1641394,117.364338,100.2296812,,1,0
870,0.87,117.9729597,99.92047097,114.8517294,99.8451212,,0,1
871,0.871,126.7532205,100.1609454,128.9239614,100.2380327,,1,0
872,0.872,124.2063011,100.291064,127.7260257,100.2675636,,0,1
873,0.873,110.5527202,99.61927703,117.7392051,99.98448626,,1,0
874,0.874,124.8107313,100.2257327,123.5642391,100.2318965,,1,0
875,0.875,121.0457891,100.0974187,120.3176314,100.031395,,0,1
876,0.876,115.7972013,100.109023,109.948957,99.93221949,,0,1
877,0.877,120.5109918,99.70971792,113.4550097,99.68160249,,0,1
878,0.878,120.9910702,100.1037944,121.8634049,99.92145711,,0,1
879,0.879,127.2674142,100.1090764,122.4945013,99.8309114,,0,1
880,0.88,127.4231368,100.5751286,126.5549329,100.5268157,,0,1
881,0.881,108.6307166,99.73860879,111.7907424,99.74209841,,1,0
882,0.882,127.602211,100.2236679,121.5586514,100.2028944,,0,1
883,0.883,124.4071516,99.90675897,121.4946297,99.94637709,,1,0
884,0.884,123.6238192,100.0882211,123.4201401,100.073434,,0,1
885,0.885,133.7579622,100.3884802,129.6997092,100.2739607,,0,1
886,0.886,117.1200389,100.0554691,114.7802442,100.0067373,,0,1
887,0.887,126.7582669,99.97202201,127.9310773,100.1581394,,1,0
888,0.888,116.6605799,100.1534629,124.9300078,100.4783133,,1,0
889,0.889,119.0608323,100.1224167,123.0579361,100.2425541,,1,0
890,0.89,130.1981844,100.4594804,130.5160912,100.4948548,,1,0
891,0.891,122.9434045,100.2857512,116.7343522,100.1138146,,0,1
892,0.892,111.8910188,99.53696307,110.5547319,99.91295961,,1,0
893,0.893,124.2912696,100.2397551,131.0264961,100.391422,,1,0
894,0.894,123.2108798,100.3076741,128.7541025,100.4416177,,1,0
895,0.895,128.1171643,100.0008743,125.4175964,99.99371294,,0,1
896,0.896,120.0905114,99.90327424,124.080803,100.119366,,1,0
897,0.897,120.8877043,99.95583596,116.6269578,99.68770426,,0,1
898,0.898,120.8333749,100.1007974,123.0908746,100.0876754,,0,1
899,0.899,120.8755511,99.93466878,120.8036207,99.9396821,,1,0
900,0.9,119.3464862,99.99854595,121.4039187,100.0589146,,1,0
901,0.901,133.9055737,100.3375154,132.2503187,100.3082708,,0,1
902,0.902,123.7958153,100.2912731,122.9654115,100.1931142,,0,1
903,0.903,122.0209997,99.9006099,124.5150406,99.93511123,,1,0
904,0.904,126.9236478,100.2257961,127.0318544,100.3867318,,1,0
905,0.905,114.2542874,99.71288229,115.6960191,99.75482716,,1,0
906,0.906,125.1137823,100.0492355,124.740074,99.94131541,,0,1
907,0.907,128.61475,100.4762343,122.2374089,100.2769322,,0,1
908,0.908,125.632697,100.1716161,127.3764905,100.2394677,,1,0
909,0.909,119.1897937,99.87562615,111.3025264,99.64718365,,0,1
910,0.91,127.833123,100.3883297,124.557446,100.2968038,,0,1
911,0.911,124.5375107,100.1237112,122.8700201,100.1616618,,1,0
912,0.912,114.7489268,99.63419688,120.171193,99.84213536,,1,0
913,0.913,124.2671528,100.1207365,128.2636987,100.1195339,,0,1
914,0.914,125.8098753,100.0883638,121.9635376,99.90007698,,0,1
915,0.915,111.0154946,99.5088729,117.040871,99.72753396,,1,0
916,0.916,126.7957757,100.3208322,124.6742549,100.2586394,,0,1
917,0.917,122.2164847,99.57495334,119.1782219,99.44376806,,0,1
918,0.918,113.4409017,99.60021419,118.6679041,99.65037314,,1,0
919,0.919,120.6150714,100.0023928,119.9543503,100.1750208,,1,0
920,0.92,122.5617249,100.1933581,119.1154248,100.0764332,,0,1
921,0.921,125.0996477,99.96752837,124.8894256,99.9229329,,0,1
922,0.922,112.6827686,99.53288632,116.4897752,99.68631157,,1,0
923,0.923,125.2159689,100.235453,120.6160019,100.1352672,,0,1
924,0.924,118.4679747,100.2223323,118.0340688,100.1549971,,0,1
925,0.925,125.825903,100.1193852,118.9236729,99.98791232,,0,1
926,0.926,116.1984098,99.85468739,120.390043,99.85670389,,1,0
927,0.927,117.9807489,100.0497293,116.4968121,100.0201047,,0,1
928,0.928,114.6025588,99.77373674,110.2594951,99.75904946,,0,1
929,0.929,127.9600418,100.1667537,125.5463774,100.081206,,0,1
930,0.93,117.9486818,99.79725846,117.0393948,99.81151839,,1,0
931,0.931,114.8033178,99.90409005,117.9210872,100.1769618,,1,0
932,0.932,132.2635816,100.4830533,123.4805004,100.370992,,0,1
933,0.933,124.247064,100.3872471,116.8529151,100.2810725,,0,1
934,0.934,127.3244834,100.4923106,132.1968463,100.8183633,,1,0
935,0.935,126.30301,100.210025,126.6443469,100.2334807,,1,0
936,0.936,123.9996862,100.5611245,128.8399642,100.7466773,,1,0
937,0.937,120.8344406,100.3852774,123.8398724,100.3514998,,0,1
938,0.938,122.636336,99.92665451,119.3211965,99.79433608,,0,1
939,0.939,122.0351403,100.1279788,124.6538664,100.2780505,,1,0
940,0.94,124.1129959,99.95772331,123.8561847,100.1102052,,1,0
941,0.941,129.3692252,100.0797451,123.3088796,99.63562671,,0,1
942,0.942,114.6664334,99.86254701,113.9513033,99.85457756,,0,1
943,0.943,116.700821,99.77059601,113.8372577,99.58607068,,0,1
944,0.944,123.9964536,100.2001738,122.0925993,100.2398626,,1,0
945,0.945,118.1018682,99.78002915,118.8200814,99.76465969,,0,1
946,0.946,118.8679523,100.0654478,111.4535785,99.8564103,,0,1
947,0.947,123.6453433,100.2925939,126.431178,100.2922795,,0,1
948,0.948,121.5792542,100.4284492,129.0459938,100.6042675,,1,0
949,0.949,121.374628,99.95322683,122.3922574,99.94244148,,0,1
950,0.95,122.4087462,100.5131472,117.7947963,100.2952796,,0,1
951,0.951,125.1454328,100.1716496,123.6074763,100.0831077,,0,1
952,0.952,121.7766853,100.2232655,126.4658984,100.4765837,,1,0
953,0.953,115.3924494,99.91792894,113.8534951,99.66779267,,0,1
954,0.954,110.0952251,99.61579948,109.4251707,99.79561229,,1,0
955,0.955,121.9470412,100.3671205,120.3062916,100.2597367,,0,1
956,0.956,126.007205,100.3514137,132.4915569,100.8557325,,1,0
957,0.957,113.8899442,99.77057696,127.0436491,100.1468716,,1,0
958,0.958,109.4660969,99.66225453,117.4261058,100.0457635,,1,0
959,0.959,124.3368457,100.0542812,118.6618932,99.96492516,,0,1
960,0.96,131.8483566,100.5783043,133.6568099,100.731444,,1,0
961,0.961,119.0278723,100.2418849,118.7398245,100.3153636,,1,0
962,0.962,116.0195809,100.0792142,121.5634143,100.1746049,,1,0
963,0.963,109.4754609,99.59300964,111.1934675,99.75124517,,1,0
964,0.964,123.1361288,100.1028148,126.7072188,100.3485463,,1,0
965,0.965,117.5354363,99.72429613,109.5549487,99.41271964,,0,1
966,0.966,129.0566615,100.4039529,125.4775603,100.2884917,,0,1
967,0.967,129.0451659,100.0995609,123.670471,99.86013572,,0,1
968,0.968,124.4596544,100.4442266,126.0580947,100.4524604,,1,0
969,0.969,104.4246623,99.26686435,104.4299428,99.31502135,,1,0
970,0.97,121.0202053,99.8507987,114.5313851,99.70778993,,0,1
971,0.971,113.7108481,99.77353867,117.3502629,99.87462183,,1,0
972,0.972,115.1359275,100.0760556,118.17151,100.0766824,,1,0
973,0.973,123.2340211,100.6542244,118.5957556,100.3569954,,0,1
974,0.974,109.4793216,99.90745702,119.426208,100.1934226,,1,0
975,0.975,126.8988438,100.3650776,117.8019952,100.2225714,,0,1
976,0.976,117.9037513,99.75829305,116.3101168,99.7415478,,0,1
977,0.977,119.5105159,100.1058099,121.1423433,100.158443,,1,0
978,0.978,121.1657728,99.83971977,121.928972,99.88991867,,1,0
979,0.979,125.891282,100.2702536,122.6356832,100.1224225,,0,1
980,0.98,111.5601722,99.96316944,117.1334618,100.0095211,,1,0
981,0.981,129.241007,100.4469202,128.334394,100.4105221,,0,1
982,0.982,127.359035,100.1098415,126.1421577,100.1239114,,1,0
983,0.983,136.5708309,100.5645116,136.7257882,100.5785357,,1,0
984,0.984,116.2411574,99.93185349,118.4948415,99.87592742,,0,1
985,0.985,109.8923586,99.61515243,110.6395553,99.62240044,,1,0
986,0.986,110.4896552,99.89562755,121.2694477,100.2000151,,1,0
987,0.987,117.3269439,99.79759579,118.7717319,99.95368198,,1,0
988,0.988,123.2286251,100.0774098,124.0478568,100.137631,,1,0
989,0.989,123.7435484,100.3642731,128.1802249,100.410574,,1,0
990,0.99,121.6779352,100.2295018,123.1933421,100.2536343,,1,0
991,0.991,124.6669494,100.1734468,119.902753,100.0443316,,0,1
992,0.992,117.8035143,100.1013804,122.7833909,100.2270084,,1,0
993,0.993,112.6774625,99.83569013,115.8740608,100.1017931,,1,0
994,0.994,127.0666557,100.5170951,125.294172,100.5957896,,1,0
995,0.995,115.6488433,99.54959563,112.0187898,99.19489537,,0,1
996,0.996,113.1706841,99.61741599,115.6404676,99.6599568,,1,0
997,0.997,111.4083218,99.6147471,109.9677488,99.58919297,,0,1
998,0.998,128.3416783,100.2415947,114.3393113,99.89307306,,0,1
999,0.999,126.3843457,100.5062194,124.071448,100.3750298,,0,1
,,120.4647103,100.0371781,120.4970695,100.0415972,,514,486
